,event
2023-09-28 22:19:57.216569,False
2023-09-28 22:19:57.217565,False
2023-09-28 22:19:57.218560,False
2023-09-28 22:19:57.219556,True
2023-09-28 22:19:57.220552,False
2023-09-28 22:19:57.221547,True
2023-09-28 22:19:57.222817,True
2023-09-28 22:19:57.223812,True
2023-09-28 22:19:57.224808,True
2023-09-28 22:19:57.407623,True
2023-09-28 22:19:57.408622,True
2023-09-28 22:19:57.409614,True
2023-09-28 22:19:57.411217,True
2023-09-28 22:19:57.412216,True
2023-09-28 22:19:57.413319,True
2023-09-28 22:19:57.414315,True
2023-09-28 22:19:57.415308,True
2023-09-28 22:19:57.416302,True
2023-09-28 22:19:57.417299,True
2023-09-28 22:19:57.418299,True
2023-09-28 22:19:57.419290,True
2023-09-28 22:19:57.420286,True
2023-09-28 22:19:57.421281,True
2023-09-28 22:19:57.421792,True
2023-09-28 22:19:57.422818,True
2023-09-28 22:19:57.423854,True
2023-09-28 22:19:57.424817,True
2023-09-28 22:19:57.655267,buff_size: 10000; 0; False
2023-09-28 22:19:57.656264,buff_size: 10000; 0; False
2023-09-28 22:19:57.657258,buff_size: 10000; 0; False
2023-09-28 22:19:57.658255,buff_size: 10000; 0; False
2023-09-28 22:19:57.659251,buff_size: 10000; 0; False
2023-09-28 22:19:57.660247,buff_size: 10000; 0; False
2023-09-28 22:19:57.661241,buff_size: 10000; 0; False
2023-09-28 22:19:57.662675,buff_size: 10000; 0; False
2023-09-28 22:19:57.728476,buff_size: 10000; 0; False
2023-09-28 22:19:57.729472,buff_size: 10000; 0; False
2023-09-28 22:19:57.730467,buff_size: 10000; 0; False
2023-09-28 22:19:57.731463,buff_size: 10000; 0; False
2023-09-28 22:19:57.731971,buff_size: 10000; 0; False
2023-09-28 22:19:57.733331,buff_size: 10000; 0; False
2023-09-28 22:19:57.734327,buff_size: 10000; 0; False
2023-09-28 22:19:57.735322,buff_size: 10000; 0; False
2023-09-28 22:19:57.911226,buff_size: 10000; 0; False
2023-09-28 22:19:57.912259,buff_size: 10000; 0; False
2023-09-28 22:19:57.913391,buff_size: 10000; 0; False
2023-09-28 22:19:57.914351,buff_size: 10000; 0; False
2023-09-28 22:19:57.915347,buff_size: 10000; 0; False
2023-09-28 22:19:57.916378,buff_size: 10000; 0; False
2023-09-28 22:19:57.917338,buff_size: 10000; 0; False
2023-09-28 22:19:57.918332,buff_size: 10000; 0; False
2023-09-28 22:19:57.919331,buff_size: 10000; 0; False
2023-09-28 22:19:57.920361,buff_size: 10000; 0; False
2023-09-28 22:19:57.921355,buff_size: 10000; 0; False
2023-09-28 22:19:58.041970,buff_size: 10000; 0; False
2023-09-28 22:19:58.043037,buff_size: 10000; 0; False
2023-09-28 22:19:58.044076,buff_size: 10000; 0; False
2023-09-28 22:19:58.045072,buff_size: 10000; 0; False
2023-09-28 22:19:58.046069,buff_size: 10000; 0; False
2023-09-28 22:19:58.047064,buff_size: 10000; 0; False
2023-09-28 22:19:58.048060,buff_size: 10000; 0; False
2023-09-28 22:19:58.212232,buff_size: 10000; 0; False
2023-09-28 22:19:58.213478,buff_size: 10000; 0; False
2023-09-28 22:19:58.214508,buff_size: 10000; 0; False
2023-09-28 22:19:58.215502,buff_size: 10000; 0; False
2023-09-28 22:19:58.216497,buff_size: 10000; 0; False
2023-09-28 22:19:58.217457,buff_size: 10000; 0; False
2023-09-28 22:19:58.218489,buff_size: 10000; 0; False
2023-09-28 22:19:58.219486,buff_size: 10000; 0; False
2023-09-28 22:19:58.220481,buff_size: 10000; 0; False
2023-09-28 22:19:58.221477,buff_size: 10000; 0; False
2023-09-28 22:19:58.221988,buff_size: 10000; 0; False
2023-09-28 22:19:58.222994,buff_size: 10000; 0; False
2023-09-28 22:19:58.224022,buff_size: 10000; 0; False
2023-09-28 22:19:58.315484,buff_size: 10000; 0; False
2023-09-28 22:19:58.316479,buff_size: 10000; 0; False
2023-09-28 22:19:58.317474,buff_size: 10000; 0; False
2023-09-28 22:19:58.318469,buff_size: 10000; 0; False
2023-09-28 22:19:58.319465,buff_size: 10000; 0; False
2023-09-28 22:19:58.320461,buff_size: 10000; 0; False
2023-09-28 22:19:58.321457,buff_size: 10000; 0; False
2023-09-28 22:19:58.322683,buff_size: 10000; 0; False
2023-09-28 22:19:58.323713,buff_size: 10000; 0; False
2023-09-28 22:19:58.324711,buff_size: 10000; 0; False
2023-09-28 22:19:58.569307,buff_size: 10000; 0; False
2023-09-28 22:19:58.570302,buff_size: 10000; 0; False
2023-09-28 22:19:58.595583,buff_size: 10000; 0; False
2023-09-28 22:19:58.603497,buff_size: 10000; 0; False
2023-09-28 22:19:58.604490,buff_size: 10000; 0; False
2023-09-28 22:19:58.605483,buff_size: 10000; 0; False
2023-09-28 22:19:58.606481,buff_size: 10000; 0; False
2023-09-28 22:19:58.607474,buff_size: 10000; 0; False
2023-09-28 22:19:58.608472,buff_size: 10000; 0; False
2023-09-28 22:19:58.609467,buff_size: 10000; 0; False
2023-09-28 22:19:58.744506,buff_size: 10000; 0; False
2023-09-28 22:19:58.745510,buff_size: 10000; 0; False
2023-09-28 22:19:58.746539,buff_size: 10000; 0; False
2023-09-28 22:19:58.747537,buff_size: 10000; 0; False
2023-09-28 22:19:58.748531,buff_size: 10000; 0; False
2023-09-28 22:19:58.749528,buff_size: 10000; 0; False
2023-09-28 22:19:58.750488,buff_size: 10000; 0; False
2023-09-28 22:19:58.751997,buff_size: 10000; 0; False
2023-09-28 22:19:58.753366,buff_size: 10000; 0; False
2023-09-28 22:19:58.754360,buff_size: 10000; 0; False
2023-09-28 22:19:58.755353,buff_size: 10000; 0; False
2023-09-28 22:19:58.756353,buff_size: 10000; 0; False
2023-09-28 22:19:58.757347,buff_size: 10000; 0; False
2023-09-28 22:19:58.758342,buff_size: 10000; 0; False
2023-09-28 22:19:58.759340,buff_size: 10000; 0; False
2023-09-28 22:19:58.869714,buff_size: 10000; 0; False
2023-09-28 22:19:58.871229,buff_size: 10000; 0; False
2023-09-28 22:19:58.872262,buff_size: 10000; 0; False
2023-09-28 22:19:58.873290,buff_size: 10000; 0; False
2023-09-28 22:19:58.874289,buff_size: 10000; 0; False
2023-09-28 22:19:59.001332,buff_size: 10000; 0; False
2023-09-28 22:19:59.002359,buff_size: 10000; 0; False
2023-09-28 22:19:59.003393,buff_size: 10000; 0; False
2023-09-28 22:19:59.004389,buff_size: 10000; 0; False
2023-09-28 22:19:59.005384,buff_size: 10000; 0; False
2023-09-28 22:19:59.006382,buff_size: 10000; 0; False
2023-09-28 22:19:59.007376,buff_size: 10000; 0; False
2023-09-28 22:19:59.008334,buff_size: 10000; 0; False
2023-09-28 22:19:59.009329,buff_size: 10000; 0; False
2023-09-28 22:19:59.010325,buff_size: 10000; 0; False
2023-09-28 22:19:59.011319,buff_size: 10000; 0; False
2023-09-28 22:19:59.011827,buff_size: 10000; 0; False
2023-09-28 22:19:59.012872,buff_size: 10000; 0; False
2023-09-28 22:19:59.127570,buff_size: 10000; 0; False
2023-09-28 22:19:59.128564,buff_size: 10000; 0; False
2023-09-28 22:19:59.129559,buff_size: 10000; 0; False
2023-09-28 22:19:59.130553,buff_size: 10000; 0; False
2023-09-28 22:19:59.131550,buff_size: 10000; 0; False
2023-09-28 22:19:59.132060,buff_size: 10000; 0; False
2023-09-28 22:19:59.133062,buff_size: 10000; 0; False
2023-09-28 22:19:59.134064,buff_size: 10000; 0; False
2023-09-28 22:19:59.234507,buff_size: 10000; 0; False
2023-09-28 22:19:59.235509,buff_size: 10000; 0; False
2023-09-28 22:19:59.236504,buff_size: 10000; 0; False
2023-09-28 22:19:59.237500,buff_size: 10000; 0; False
2023-09-28 22:19:59.238497,buff_size: 10000; 0; False
2023-09-28 22:19:59.239492,buff_size: 10000; 0; False
2023-09-28 22:19:59.240487,buff_size: 10000; 0; False
2023-09-28 22:19:59.241483,buff_size: 10000; 0; False
2023-09-28 22:19:59.242934,buff_size: 10000; 0; False
2023-09-28 22:19:59.243930,buff_size: 10000; 0; False
2023-09-28 22:19:59.244924,buff_size: 10000; 0; False
2023-09-28 22:19:59.245918,buff_size: 10000; 0; False
2023-09-28 22:19:59.246914,buff_size: 10000; 0; False
2023-09-28 22:19:59.247944,buff_size: 10000; 0; False
2023-09-28 22:19:59.395537,buff_size: 10000; 0; False
2023-09-28 22:19:59.396531,buff_size: 10000; 0; False
2023-09-28 22:19:59.397526,buff_size: 10000; 0; False
2023-09-28 22:19:59.398521,buff_size: 10000; 0; False
2023-09-28 22:19:59.399518,buff_size: 10000; 0; False
2023-09-28 22:19:59.400513,buff_size: 10000; 0; False
2023-09-28 22:19:59.401508,buff_size: 10000; 0; False
2023-09-28 22:19:59.402018,buff_size: 10000; 0; False
2023-09-28 22:19:59.403021,buff_size: 10000; 0; False
2023-09-28 22:19:59.550062,buff_size: 10000; 0; False
2023-09-28 22:19:59.551579,buff_size: 10000; 0; False
2023-09-28 22:19:59.552618,buff_size: 10000; 0; False
2023-09-28 22:19:59.553611,buff_size: 10000; 0; False
2023-09-28 22:19:59.555601,buff_size: 10000; 0; False
2023-09-28 22:19:59.556593,buff_size: 10000; 0; False
2023-09-28 22:19:59.557591,buff_size: 10000; 0; False
2023-09-28 22:19:59.558583,buff_size: 10000; 0; False
2023-09-28 22:19:59.559579,buff_size: 10000; 0; False
2023-09-28 22:19:59.561151,buff_size: 10000; 0; False
2023-09-28 22:19:59.562156,buff_size: 10000; 0; False
2023-09-28 22:19:59.563401,buff_size: 10000; 0; False
2023-09-28 22:19:59.564397,buff_size: 10000; 0; False
2023-09-28 22:19:59.565393,buff_size: 10000; 0; False
2023-09-28 22:19:59.671222,buff_size: 10000; 0; False
2023-09-28 22:19:59.672250,buff_size: 10000; 0; False
2023-09-28 22:19:59.673254,buff_size: 10000; 0; False
2023-09-28 22:19:59.674285,buff_size: 10000; 0; False
2023-09-28 22:19:59.675282,buff_size: 10000; 0; False
2023-09-28 22:19:59.676241,buff_size: 10000; 0; False
2023-09-28 22:19:59.677235,buff_size: 10000; 0; False
2023-09-28 22:19:59.678233,buff_size: 10000; 0; False
2023-09-28 22:19:59.679263,buff_size: 10000; 0; False
2023-09-28 22:19:59.680222,buff_size: 10000; 0; False
2023-09-28 22:19:59.681217,buff_size: 10000; 0; False
2023-09-28 22:19:59.681725,buff_size: 10000; 0; False
2023-09-28 22:19:59.682726,buff_size: 10000; 0; False
2023-09-28 22:19:59.683727,buff_size: 10000; 0; False
2023-09-28 22:19:59.684726,buff_size: 10000; 0; False
2023-09-28 22:19:59.685720,buff_size: 10000; 0; False
2023-09-28 22:19:59.686718,buff_size: 10000; 0; False
2023-09-28 22:19:59.687750,buff_size: 10000; 0; False
2023-09-28 22:19:59.688743,buff_size: 10000; 0; False
2023-09-28 22:19:59.689741,buff_size: 10000; 0; False
2023-09-28 22:19:59.690703,buff_size: 10000; 0; False
2023-09-28 22:19:59.828318,buff_size: 10000; 0; False
2023-09-28 22:19:59.829314,buff_size: 10000; 0; False
2023-09-28 22:19:59.830312,buff_size: 10000; 0; False
2023-09-28 22:19:59.831305,buff_size: 10000; 0; False
2023-09-28 22:19:59.831811,buff_size: 10000; 0; False
2023-09-28 22:19:59.833075,buff_size: 10000; 0; False
2023-09-28 22:19:59.834074,buff_size: 10000; 0; False
2023-09-28 22:19:59.835069,buff_size: 10000; 0; False
2023-09-28 22:19:59.952173,buff_size: 10000; 0; False
2023-09-28 22:19:59.953301,buff_size: 10000; 0; False
2023-09-28 22:19:59.954300,buff_size: 10000; 0; False
2023-09-28 22:19:59.955334,buff_size: 10000; 0; False
2023-09-28 22:19:59.956326,buff_size: 10000; 0; False
2023-09-28 22:19:59.957324,buff_size: 10000; 0; False
2023-09-28 22:19:59.958279,buff_size: 10000; 0; False
2023-09-28 22:19:59.959278,buff_size: 10000; 0; False
2023-09-28 22:20:00.055501,buff_size: 10000; 0; False
2023-09-28 22:20:00.056492,buff_size: 10000; 0; False
2023-09-28 22:20:00.057488,buff_size: 10000; 0; False
2023-09-28 22:20:00.058483,buff_size: 10000; 0; False
2023-09-28 22:20:00.059479,buff_size: 10000; 0; False
2023-09-28 22:20:00.060475,buff_size: 10000; 0; False
2023-09-28 22:20:00.061470,buff_size: 10000; 0; False
2023-09-28 22:20:00.061977,buff_size: 10000; 0; False
2023-09-28 22:20:00.062977,buff_size: 10000; 0; False
2023-09-28 22:20:00.063977,buff_size: 10000; 0; False
2023-09-28 22:20:00.064971,buff_size: 10000; 0; False
2023-09-28 22:20:00.065967,buff_size: 10000; 0; False
2023-09-28 22:20:00.066963,buff_size: 10000; 0; False
2023-09-28 22:20:00.067958,buff_size: 10000; 0; False
2023-09-28 22:20:00.068954,buff_size: 10000; 0; False
2023-09-28 22:20:00.164155,buff_size: 10000; 0; False
2023-09-28 22:20:00.165152,buff_size: 10000; 0; False
2023-09-28 22:20:00.166147,buff_size: 10000; 0; False
2023-09-28 22:20:00.167141,buff_size: 10000; 0; False
2023-09-28 22:20:00.168139,buff_size: 10000; 0; False
2023-09-28 22:20:00.169167,buff_size: 10000; 0; False
2023-09-28 22:20:00.170128,buff_size: 10000; 0; False
2023-09-28 22:20:00.171159,buff_size: 10000; 0; False
2023-09-28 22:20:00.171671,buff_size: 10000; 0; False
2023-09-28 22:20:00.172855,buff_size: 10000; 0; False
2023-09-28 22:20:00.173860,buff_size: 10000; 0; False
2023-09-28 22:20:00.174890,buff_size: 10000; 0; False
2023-09-28 22:20:00.175886,buff_size: 10000; 0; False
2023-09-28 22:20:00.176882,buff_size: 10000; 0; False
2023-09-28 22:20:00.177878,buff_size: 10000; 0; False
2023-09-28 22:20:00.178838,buff_size: 10000; 0; False
2023-09-28 22:20:00.179833,buff_size: 10000; 0; False
2023-09-28 22:20:00.181343,buff_size: 10000; 0; False
2023-09-28 22:20:00.182795,buff_size: 10000; 0; False
2023-09-28 22:20:00.183797,buff_size: 10000; 0; False
2023-09-28 22:20:00.184795,buff_size: 10000; 0; False
2023-09-28 22:20:00.185788,buff_size: 10000; 0; False
2023-09-28 22:20:00.186786,buff_size: 10000; 0; False
2023-09-28 22:21:05.290353,buff_size: 10000; 0; False
2023-09-28 22:21:05.291596,buff_size: 10000; 0; False
2023-09-28 22:21:05.292634,buff_size: 10000; 0; False
2023-09-28 22:21:05.293630,buff_size: 10000; 0; False
2023-09-28 22:21:05.294624,buff_size: 10000; 0; False
2023-09-28 22:21:05.295622,buff_size: 10000; 0; False
2023-09-28 22:21:05.296618,buff_size: 10000; 0; False
2023-09-28 22:21:05.297611,buff_size: 10000; 0; False
2023-09-28 22:21:05.298608,buff_size: 10000; 0; False
2023-09-28 22:21:05.300223,buff_size: 10000; 0; False
2023-09-28 22:21:05.301226,buff_size: 10000; 0; False
2023-09-28 22:21:05.302253,buff_size: 10000; 0; False
2023-09-28 22:21:05.303213,buff_size: 10000; 0; False
2023-09-28 22:21:05.304210,buff_size: 10000; 0; False
2023-09-28 22:21:05.305204,buff_size: 10000; 0; False
2023-09-28 22:21:05.306197,buff_size: 10000; 0; False
2023-09-28 22:21:05.307193,buff_size: 10000; 0; False
2023-09-28 22:21:05.308188,buff_size: 10000; 0; False
2023-09-28 22:21:05.309186,buff_size: 10000; 0; False
2023-09-28 22:21:05.310182,buff_size: 10000; 0; False
2023-09-28 22:21:05.720877,buff_size: 10000; 0; False
2023-09-28 22:21:05.722018,buff_size: 10000; 0; False
2023-09-28 22:21:05.723021,buff_size: 10000; 0; False
2023-09-28 22:21:05.724018,buff_size: 10000; 0; False
2023-09-28 22:21:05.725014,buff_size: 10000; 0; False
2023-09-28 22:21:05.726008,buff_size: 10000; 0; False
2023-09-28 22:21:05.727003,buff_size: 10000; 0; False
2023-09-28 22:21:09.757167,buff_size: 10000; 0; False
2023-09-28 22:21:09.758129,buff_size: 10000; 0; False
2023-09-28 22:21:09.759122,buff_size: 10000; 0; False
2023-09-28 22:21:09.760119,buff_size: 10000; 0; False
2023-09-28 22:21:09.760626,buff_size: 10000; 0; False
2023-09-28 22:21:09.761626,buff_size: 10000; 0; False
2023-09-28 22:21:09.762630,buff_size: 10000; 0; False
2023-09-28 22:21:09.763661,buff_size: 10000; 0; False
2023-09-28 22:21:09.764656,buff_size: 10000; 0; False
2023-09-28 22:21:09.765651,buff_size: 10000; 0; False
2023-09-28 22:21:09.766650,buff_size: 10000; 0; False
2023-09-28 22:21:09.767644,buff_size: 10000; 0; False
2023-09-28 22:21:09.768602,buff_size: 10000; 0; False
2023-09-28 22:21:09.770113,buff_size: 10000; 0; False
2023-09-28 22:21:10.081592,buff_size: 10000; 0; False
2023-09-28 22:21:10.082599,buff_size: 10000; 0; False
2023-09-28 22:21:10.083590,buff_size: 10000; 0; False
2023-09-28 22:21:10.084586,buff_size: 10000; 0; False
2023-09-28 22:21:10.085581,buff_size: 10000; 0; False
2023-09-28 22:21:10.086576,buff_size: 10000; 0; False
2023-09-28 22:21:10.087572,buff_size: 10000; 0; False
2023-09-28 22:21:10.088568,buff_size: 10000; 0; False
2023-09-28 22:21:10.090143,buff_size: 10000; 0; False
2023-09-28 22:21:10.091144,buff_size: 10000; 0; False
